<?xml version="1.0" encoding="UTF-8"?>
<project-private xmlns="http://www.netbeans.org/ns/project-private/1">
    <editor-bookmarks xmlns="http://www.netbeans.org/ns/editor-bookmarks/2" lastBookmarkId="0"/>
    <open-files xmlns="http://www.netbeans.org/ns/projectui-open-files/2">
        <group>
            <file>file:/D:/jsp-servlet/Calculate%20Compound%20Interest/web/WEB-INF/web.xml</file>
            <file>file:/D:/jsp-servlet/Calculate%20Compound%20Interest/web/index1.html</file>
            <file>file:/D:/jsp-servlet/Calculate%20Compound%20Interest/web/META-INF/context.xml</file>
            <file>file:/D:/jsp-servlet/Calculate%20Compound%20Interest/src/java/CompoundInterestServlet.java</file>
            <file>file:/D:/jsp-servlet/Calculate%20Compound%20Interest/web/index.jsp</file>
        </group>
    </open-files>
</project-private>
